"BenevoleSourceID","MissionCodeSource","StatutAffectation","PlageHoraire1","PlageHoraire2","MaterielFourni","Commentaire","HeuresDeclarees","DateProposition","DateConfirmation"
"5","EVE-0003","Confirme","","","","","","2025-12-08","2025-12-08"
"14","EVE-0001","Confirme","8h-12h","14h-18h","nn","","","2025-12-08","2025-12-08"
"14","EVE-0002","Confirme","sfd","","","","","2025-12-08","2025-12-08"
"14","EVE-0005","Confirme","","","","","","2025-12-08","2025-12-08"
"15","EVE-0005","Confirme","","","","","","2025-12-08","2025-12-08"
"20","EVE-0002","Confirme","","","","","","2025-12-08","2025-12-08"
"20","EVE-0004","Confirme","","","","","","2025-12-08","2025-12-08"
"5","ACT-0001","Confirme","","","","","","2025-12-08","2025-12-08"
"5","ACT-0003","Confirme","","","","","","2025-12-08","2025-12-08"
"5","ACT-0005","Confirme","","","","","","2025-12-08","2025-12-08"
"6","ACT-0001","Confirme","","","","","","2025-12-08","2025-12-08"
"7","ACT-0001","Confirme","","","","","","2025-12-08","2025-12-08"
"8","ACT-0001","Confirme","","","","","","2025-12-08","2025-12-08"
"9","ACT-0001","Confirme","","","","","","2025-12-08","2025-12-08"
"10","ACT-0001","Confirme","","","","","","2025-12-08","2025-12-08"
"10","ACT-0008","Confirme","","","","","","2025-12-08","2025-12-08"
"11","ACT-0001","Confirme","","","","","","2025-12-08","2025-12-08"
"11","ACT-0008","Confirme","","","","","","2025-12-08","2025-12-08"
"12","ACT-0001","Confirme","","","","","","2025-12-08","2025-12-08"
"12","ACT-0008","Confirme","","","","","","2025-12-08","2025-12-08"
